Rank,Player,Deck,Record,List
1,Christoffer Larsen,Mono-Red Aggro,11/1/2000,"Deck
4 Anax, Hardened in the Forge
4 Bonecrusher Giant
2 Castle Embereth
4 Embercleave
4 Faceless Haven
4 Fervent Champion
4 Fireblade Charger
4 Frost Bite
1 Shatterskull Smashing
1 Phoenix of Ash
4 Rimrock Knight
4 Robber of the Rich
17 Snow-Covered Mountain
3 Torbran, Thane of Red Fell

Sideboard
3 Ox of Agonas
2 Phoenix of Ash
1 Embereth Paladin
2 Roiling Vortex
2 Scorching Dragonfire
2 The Akroan War
3 Redcap Melee"
2,simon kamerow,Jeskai Cycling,11/1/2000,"Companion
1 Lurrus of the Dream-Den

Deck
4 Flourishing Fox
4 Needleverge Pathway
4 Drannith Healer
4 Valiant Rescuer
4 Startling Development
4 Hengegate Pathway
3 Frostveil Ambush
3 Boon of the Wish-Giver
4 Footfall Crater
4 Drannith Stinger
4 Go for Blood
4 Zenith Flare
4 Riverglide Pathway
3 Improbable Alliance
4 Raugrin Triome
2 Plains
1 Mountain

Sideboard
2 Redcap Melee
2 Shredded Sails
2 Mystical Dispute
2 Negate
3 Glass Casket
1 Lurrus of the Dream-Den
1 Improbable Alliance
2 Skyclave Cleric"
3,sandydogmtg,Mono-Red Aggro,10/2/2000,"Deck
4 Anax, Hardened in the Forge
4 Bonecrusher Giant
2 Castle Embereth
4 Embercleave
4 Faceless Haven
4 Fervent Champion
4 Fireblade Charger
4 Frost Bite
2 Goldspan Dragon
3 Rimrock Knight
4 Robber of the Rich
19 Snow-Covered Mountain
2 Torbran, Thane of Red Fell

Sideboard
3 Ox of Agonas
3 Phoenix of Ash
2 Fire Prophecy
2 Roiling Vortex
1 Soul Sear
2 The Akroan War
2 Redcap Melee"
4,liopoil,Naya Adventures,9/3/2000,"Deck
4 Giant Killer
4 Shepherd of the Flock
4 Bonecrusher Giant
4 Edgewall Innkeeper
4 Lovestruck Beast
4 Unleash Fury
3 Fabled Passage
4 Sejiri Shelter
4 Kazuul's Fury
4 Branchloft Pathway
4 Cragcrown Pathway
4 Needleverge Pathway
4 Goldspan Dragon
4 Showdown of the Skalds
2 Plains
2 Mountain
1 Forest

Sideboard
3 Archon of Absolution
2 Redcap Melee
1 Ox of Agonas
2 Phoenix of Ash
2 Scorching Dragonfire
2 Roiling Vortex
1 The Akroan War
1 Tormod's Crypt
1 Reidane, God of the Worthy"
5,J  P,Mono-Red Aggro,9/2/2000,"Deck
2 Arni Brokenbrow
4 Frost Bite
4 Bonecrusher Giant
4 Fireblade Charger
4 Anax, Hardened in the Forge
4 Robber of the Rich
4 Rimrock Knight
4 Fervent Champion
4 Embercleave
2 Torbran, Thane of Red Fell
2 Castle Embereth
4 Faceless Haven
18 Snow-Covered Mountain

Sideboard
2 Embereth Paladin
2 The Akroan War
4 Claim the Firstborn
3 Roiling Vortex
3 Phoenix of Ash
1 Ox of Agonas"
6,outback@ Horie,Sultai Ultimatum,8/3/2000,"Companion
1 Yorion, Sky Nomad

Deck
4 Omen of the Sea
1 Valki, God of Lies
4 Heartless Act
4 Cultivate
4 Binding the Old Gods
2 Eliminate
4 Emergent Ultimatum
1 Erebos's Intervention
2 Alrund's Epiphany
1 Kiora Bests the Sea God
2 Extinction Event
4 Zagoth Triome
2 Ketria Triome
4 Barkchannel Pathway
4 Darkbore Pathway
4 Clearwater Pathway
2 Sea Gate Restoration
4 Forest
4 Jwari Disruption
3 Fabled Passage
3 Mazemind Tome
2 Elspeth's Nightmare
2 Island
1 Shark Typhoon
2 Shadows' Verdict
2 Yorion, Sky Nomad
4 Wolfwillow Haven
1 Esika's Chariot
3 Swamp

Sideboard
1 Yorion, Sky Nomad
1 Polukranos, Unchained
2 Negate
2 Agonizing Remorse
1 Eliminate
2 Koma, Cosmos Serpent
1 Soul Shatter
1 Elder Gargaroth
2 Disdainful Stroke
1 Shark Typhoon
1 Cling to Dust"
7,Riley Hicks,Jund Sacrifice,8/3/2000,"Deck
4 Blightstep Pathway
4 Bonecrusher Giant
4 Cragcrown Pathway
4 Claim the Firstborn
4 Fabled Passage
2 Immersturm Predator
2 Kroxa, Titan of Death's Hunger
2 Mountain
3 Swamp
1 Forest
3 The Akroan War
2 Temple of Malice
3 Valki, God of Lies
4 Village Rites
4 Woe Strider
4 Skyclave Shade
1 Kazuul's Fury
2 Korvold, Fae-Cursed King
4 Darkbore Pathway
1 Hagra Mauling
1 Rankle, Master of Pranks
1 Necromentia

Sideboard
1 Duress
1 Elspeth's Nightmare
2 Heartless Act
2 Ox of Agonas
2 Klothys, God of Destiny
1 Toski, Bearer of Secrets
1 Embereth Shieldbreaker
3 Necromentia
1 The Akroan War
1 Masked Vandal"
8,targetplayer,Selesnya Adventures,8/3/2000,"Deck
4 Giant Killer
6 Forest
4 Usher of the Fallen
4 Shepherd of the Flock
4 Edgewall Innkeeper
7 Plains
4 Seasoned Hallowblade
4 Skyclave Apparition
4 Toski, Bearer of Secrets
4 Lovestruck Beast
2 Scavenging Ooze
2 Maul of the Skyclaves
2 Castle Ardenvale
2 Kabira Takedown
4 Branchloft Pathway
2 Fabled Passage
1 Temple of Plenty

Sideboard
4 Reidane, God of the Worthy
3 Chainweb Aracnir
2 Masked Vandal
1 Run Afoul
2 Luminarch Aspirant
3 Soul-Guide Lantern"
9,RobertTheBruce,Mono-Red Aggro,8/2/2000,"Deck
4 Anax, Hardened in the Forge
4 Bonecrusher Giant
4 Embercleave
4 Faceless Haven
4 Fervent Champion
4 Fireblade Charger
3 Frost Bite
2 Phoenix of Ash
4 Rimrock Knight
4 Robber of the Rich
19 Snow-Covered Mountain
3 Torbran, Thane of Red Fell
1 Castle Embereth

Sideboard
2 Ox of Agonas
3 Roiling Vortex
2 Scorching Dragonfire
2 Shredded Sails
2 The Akroan War
2 Redcap Melee
2 Embereth Shieldbreaker"
10,Eliott_dragon,Dimir Control,8/2/2000,"Companion
1 Yorion, Sky Nomad

Deck
3 Shark Typhoon
1 Cling to Dust
5 Snow-Covered Swamp
1 Erebos's Intervention
3 Disdainful Stroke
4 Negate
4 Omen of the Sea
4 Eliminate
4 Heartless Act
4 Mazemind Tome
2 Midnight Clock
2 Saw It Coming
3 Soul Shatter
4 Graven Lore
4 Shadows' Verdict
2 Behold the Multiverse
3 Jwari Disruption
3 Dismal Backwater
4 Field of Ruin
1 Fabled Passage
3 Crawling Barrens
6 Snow-Covered Island
1 Ice Tunnel
4 Temple of Deceit
4 Clearwater Pathway
1 Castle Vantress

Sideboard
1 Yorion, Sky Nomad
1 Shark Typhoon
1 Behold the Multiverse
3 Duress
1 Ugin, the Spirit Dragon
1 Skyclave Shade
1 Disdainful Stroke
2 Erebos's Intervention
1 Saw It Coming
1 Mythos of Nethroi
2 Bloodchief's Thirst"
11,cftsoc,Naya Adventures,8/2/2000,"Deck
4 Edgewall Innkeeper
2 Forest
4 Lovestruck Beast
4 Unleash Fury
2 Mountain
4 Goldspan Dragon
4 Sejiri Shelter
1 Plains
4 Showdown of the Skalds
4 Shepherd of the Flock
4 Bonecrusher Giant
4 Giant Killer
4 Kazuul's Fury
4 Needleverge Pathway
4 Branchloft Pathway
4 Cragcrown Pathway
3 Fabled Passage

Sideboard
3 Roiling Vortex
2 Scorching Dragonfire
3 Phoenix of Ash
3 Archon of Absolution
1 Tormod's Crypt
2 Redcap Melee
1 Fire Prophecy"
12,Nicholas DeMichele,Jeskai Cycling,8/2/2000,"Companion
1 Lurrus of the Dream-Den

Deck
4 Drannith Stinger
4 Flourishing Fox
4 Drannith Healer
4 Valiant Rescuer
3 Boon of the Wish-Giver
4 Go for Blood
3 Footfall Crater
3 Frostveil Ambush
4 Startling Development
4 Zenith Flare
4 Improbable Alliance
1 Island
4 Raugrin Triome
4 Needleverge Pathway
1 Plains
4 Hengegate Pathway
4 Riverglide Pathway
1 Mountain

Sideboard
2 Shatter the Sky
2 Roiling Vortex
3 Redcap Melee
3 Shredded Sails
1 Lurrus of the Dream-Den
2 Negate
2 Mystical Dispute"
13,hironori tanaka,Sultai Ultimatum,7/2/2000,"Companion
1 Yorion, Sky Nomad

Deck
4 Omen of the Sea
2 Valki, God of Lies
2 Negate
4 Heartless Act
4 Wolfwillow Haven
4 Cultivate
4 Binding the Old Gods
2 Shadows' Verdict
4 Emergent Ultimatum
2 Alrund's Epiphany
1 Kiora Bests the Sea God
4 Zagoth Triome
2 Ketria Triome
4 Barkchannel Pathway
4 Darkbore Pathway
4 Clearwater Pathway
2 Sea Gate Restoration
1 Elspeth's Nightmare
3 Forest
2 Island
4 Jwari Disruption
4 Fabled Passage
3 Mazemind Tome
3 Swamp
1 Eliminate
2 Extinction Event
2 Shark Typhoon
1 Erebos's Intervention
1 Yorion, Sky Nomad

Sideboard
1 Yorion, Sky Nomad
1 Glimpse of Freedom
2 Koma, Cosmos Serpent
1 Shadows' Verdict
2 Duress
3 Mystical Dispute
2 Elder Gargaroth
1 Soul Shatter
1 Elspeth's Nightmare
1 Polukranos, Unchained"
14,Garrison Fogt,Four-color Cycling,7/2/2000,"Companion
1 Lurrus of the Dream-Den

Deck
4 Drannith Stinger
4 Flourishing Fox
4 Drannith Healer
4 Valiant Rescuer
3 Boon of the Wish-Giver
4 Go for Blood
4 Memory Leak
3 Frostveil Ambush
4 Startling Development
4 Zenith Flare
3 Improbable Alliance
2 Brightclimb Pathway
3 Raugrin Triome
4 Needleverge Pathway
1 Blightstep Pathway
1 Clearwater Pathway
4 Hengegate Pathway
4 Riverglide Pathway

Sideboard
3 Shatter the Sky
2 Roiling Vortex
3 Redcap Melee
2 Shredded Sails
1 Lurrus of the Dream-Den
2 Negate
2 Mystical Dispute"
15,Kazune Kosaka,Naya Adventures,7/2/2000,"Deck
3 Giant Killer
4 Shepherd of the Flock
4 Bonecrusher Giant
4 Edgewall Innkeeper
4 Lovestruck Beast
4 Fabled Passage
4 Sejiri Shelter
4 Kazuul's Fury
4 Branchloft Pathway
4 Cragcrown Pathway
4 Needleverge Pathway
4 Unleash Fury
4 Showdown of the Skalds
2 Forest
2 Mountain
1 Plains
4 Goldspan Dragon

Sideboard
2 Archon of Absolution
2 Roiling Vortex
2 Redcap Melee
3 The Akroan War
2 Ox of Agonas
3 Fire Prophecy
1 Giant Killer"
16,Lorenzo Pollone,Sultai Ultimatum,7/2/2000,"Companion
1 Yorion, Sky Nomad

Deck
2 Valki, God of Lies
4 Mazemind Tome
1 Vorinclex, Monstrous Raider
2 Negate
2 Jwari Disruption
4 Heartless Act
4 Eliminate
2 Extinction Event
2 Sea Gate Restoration
2 Alrund's Epiphany
2 Shadows' Verdict
4 Cultivate
4 Emergent Ultimatum
1 Kiora Bests the Sea God
4 Wolfwillow Haven
4 Omen of the Sea
4 Binding the Old Gods
2 Island
2 Ketria Triome
4 Barkchannel Pathway
4 Darkbore Pathway
4 Forest
4 Swamp
4 Clearwater Pathway
4 Fabled Passage
4 Zagoth Triome

Sideboard
1 Shadows' Verdict
1 Yorion, Sky Nomad
1 Koma, Cosmos Serpent
1 Cling to Dust
2 Duress
2 Crippling Fear
2 Elder Gargaroth
2 Glimpse of Freedom
3 Mystical Dispute"
17,Barry Riddell,Mono-Red Aggro,7/2/2000,"Deck
4 Fervent Champion
2 Rimrock Knight
3 Frost Bite
4 Robber of the Rich
4 Bonecrusher Giant
4 Anax, Hardened in the Forge
3 Embercleave
4 Faceless Haven
20 Snow-Covered Mountain
2 Torbran, Thane of Red Fell
1 Shatterskull Smashing
1 Castle Embereth
2 Goldspan Dragon
3 Fireblade Charger
1 The Akroan War
2 Dragonkin Berserker

Sideboard
2 Redcap Melee
2 Roiling Vortex
1 Embereth Paladin
1 Frost Bite
2 Embereth Shieldbreaker
3 Soul Sear
1 The Akroan War
3 Roil Eruption"
18,M. Kraus,Naya Adventures,7/2/2000,"Deck
4 Bonecrusher Giant
4 Branchloft Pathway
4 Brushfire Elemental
4 Cragcrown Pathway
4 Edgewall Innkeeper
3 Embercleave
4 Fabled Passage
4 Forest
2 Giant Killer
2 Questing Beast
4 Kazandu Mammoth
1 Arni Brokenbrow
4 Lovestruck Beast
2 Mountain
3 Needleverge Pathway
1 Plains
3 Shatterskull Smashing
3 Showdown of the Skalds
1 Temple of Plenty
1 The Great Henge
2 Goldspan Dragon

Sideboard
4 Fire Prophecy
1 Klothys, God of Destiny
2 Masked Vandal
2 Ox of Agonas
2 The Akroan War
1 Giant Killer
1 Scavenging Ooze
2 Snakeskin Veil"
19,NamelessThing,Naya Adventures,7/2/2000,"Deck
4 Needleverge Pathway
4 Lovestruck Beast
4 Sejiri Shelter
3 Unleash Fury
2 The Akroan War
3 Fabled Passage
4 Bonecrusher Giant
4 Kazuul's Fury
4 Showdown of the Skalds
4 Giant Killer
4 Goldspan Dragon
4 Edgewall Innkeeper
4 Cragcrown Pathway
4 Branchloft Pathway
3 Shepherd of the Flock
1 Plains
2 Mountain
2 Forest

Sideboard
3 Archon of Absolution
1 Redcap Melee
2 Phoenix of Ash
4 Fire Prophecy
2 Roiling Vortex
1 Embereth Shieldbreaker
2 Reidane, God of the Worthy"
20,Tyler Heule,Mono-Red Aggro,7/2/2000,"Deck
4 Bonecrusher Giant
3 Embercleave
4 Fervent Champion
3 Rimrock Knight
4 Robber of the Rich
2 Torbran, Thane of Red Fell
4 Anax, Hardened in the Forge
3 Fireblade Charger
3 Frost Bite
3 Goldspan Dragon
2 Dragonkin Berserker
4 Faceless Haven
2 Castle Embereth
19 Snow-Covered Mountain

Sideboard
2 Ox of Agonas
1 Embereth Paladin
1 Opportunistic Dragon
4 Roiling Vortex
2 Embereth Shieldbreaker
1 Soul Sear
2 Redcap Melee
2 Scorching Dragonfire"
21,Andrew Baeckstrom,Dimir Rogues,7/2/2000,"Companion
1 Lurrus of the Dream-Den

Deck
3 Ruin Crab
4 Thieves' Guild Enforcer
4 Soaring Thought-Thief
4 Merfolk Windrobber
2 Eliminate
2 Didn't Say Please
2 Mystical Dispute
3 Heartless Act
4 Into the Story
4 Drown in the Loch
2 Of One Mind
2 Agadeem's Awakening
1 Castle Locthwain
3 Zagoth Triome
3 Temple of Deceit
4 Swamp
4 Fabled Passage
4 Clearwater Pathway
5 Island

Sideboard
1 Mystical Dispute
1 Lurrus of the Dream-Den
2 Lullmage's Domination
2 Negate
2 Cling to Dust
2 Crippling Fear
2 Dead Weight
3 Skyclave Shade"
22,Paulo Henrique Dos Santos Pinto,Grixis Control,7/2/2000,"Deck
3 Shark Typhoon
4 Clearwater Pathway
4 Riverglide Pathway
2 Saw It Coming
4 Bonecrusher Giant
3 Valki, God of Lies
4 Heartless Act
4 Temple of Deceit
4 Temple of Epiphany
1 Swamp
4 Brazen Borrower
2 Island
2 Behold the Multiverse
3 Mazemind Tome
4 Blightstep Pathway
4 Goldspan Dragon
2 Shatterskull Smashing
2 Negate
1 Mountain
1 Eliminate
1 Erebos's Intervention
1 Disdainful Stroke

Sideboard
3 Mystical Dispute
2 Shadows' Verdict
2 Ox of Agonas
3 Duress
1 Scorching Dragonfire
1 Kroxa, Titan of Death's Hunger
1 Erebos's Intervention
2 Cinderclasm"
23,Petros Tziotis,Sultai Ultimatum,7/2/2000,"Companion
1 Yorion, Sky Nomad

Deck
4 Emergent Ultimatum
4 Omen of the Sea
4 Wolfwillow Haven
4 Cultivate
1 Vorinclex, Monstrous Raider
2 Valki, God of Lies
3 Behold the Multiverse
2 Alrund's Epiphany
1 Kiora Bests the Sea God
4 Barkchannel Pathway
4 Darkbore Pathway
4 Clearwater Pathway
1 Ketria Triome
4 Zagoth Triome
4 Fabled Passage
4 Forest
3 Swamp
3 Island
1 Temple of Mystery
1 Blightstep Pathway
4 Binding the Old Gods
2 Sea Gate Restoration
4 Jwari Disruption
3 Heartless Act
3 Shadows' Verdict
2 Agonizing Remorse
2 Mystical Dispute
2 Negate

Sideboard
1 Yorion, Sky Nomad
3 Duress
1 Negate
1 Cling to Dust
1 Crippling Fear
1 Eliminate
2 Elder Gargaroth
2 Polukranos, Unchained
1 Koma, Cosmos Serpent
1 Mazemind Tome
1 Soul Shatter"
24,insanity,Mono-White Aggro,7/2/2000,"Deck
4 Alseid of Life's Bounty
2 Giant Killer
3 Halvar, God of Battle
4 Luminarch Aspirant
4 Seasoned Hallowblade
4 Selfless Savior
4 Skyclave Apparition
4 Usher of the Fallen
3 Maul of the Skyclaves
4 Faceless Haven
19 Snow-Covered Plains
2 Reidane, God of the Worthy
2 Sentinel's Eyes
1 Legion Angel

Sideboard
3 Drannith Magistrate
3 Legion Angel
2 Soul-Guide Lantern
4 Glass Casket
1 Reidane, God of the Worthy
2 Giant Killer"
25,Bjorn Telgenkamp,Mono-Red Aggro,7/2/2000,"Deck
1 Phoenix of Ash
2 Goldspan Dragon
2 Torbran, Thane of Red Fell
4 Bonecrusher Giant
3 Fireblade Charger
4 Anax, Hardened in the Forge
4 Robber of the Rich
2 Rimrock Knight
4 Fervent Champion
4 Embercleave
3 Frost Bite
2 Castle Embereth
4 Faceless Haven
19 Snow-Covered Mountain
2 Dragonkin Berserker

Sideboard
1 Redcap Melee
1 Frost Bite
2 The Akroan War
2 Phoenix of Ash
2 Scorching Dragonfire
3 Roiling Vortex
2 Ox of Agonas
2 Soul Sear"
26,Tianhao Xu,Mono-White Aggro,7/2/2000,"Deck
1 Castle Ardenvale
18 Snow-Covered Plains
4 Faceless Haven
2 Giant Killer
4 Usher of the Fallen
4 Selfless Savior
4 Luminarch Aspirant
4 Seasoned Hallowblade
4 Maul of the Skyclaves
2 Reidane, God of the Worthy
4 Skyclave Apparition
2 Halvar, God of Battle
1 Legion Angel
4 Alseid of Life's Bounty
2 Sentinel's Eyes

Sideboard
4 Glass Casket
2 Drannith Magistrate
1 Reidane, God of the Worthy
2 Legion Angel
1 Soul-Guide Lantern
2 Giant Killer
3 Archon of Absolution"
27,Jomy Alfonso,Mono-White Aggro,7/2/2000,"Deck
4 Alseid of Life's Bounty
4 Faceless Haven
1 Castle Ardenvale
3 Giant Killer
4 Selfless Savior
3 Usher of the Fallen
4 Luminarch Aspirant
4 Seasoned Hallowblade
4 Maul of the Skyclaves
3 Reidane, God of the Worthy
4 Skyclave Apparition
1 Legion Angel
3 Halvar, God of Battle
18 Snow-Covered Plains

Sideboard
1 Baneslayer Angel
2 Drannith Magistrate
4 Glass Casket
2 Legion Angel
2 Shadowspear
3 Archon of Absolution
1 Giant Killer"
28,Alexander Gordon-Brown,Sultai Ultimatum,7/2/2000,"Companion
1 Yorion, Sky Nomad

Deck
4 Fabled Passage
4 Shadows' Verdict
2 Ketria Triome
4 Omen of the Sea
4 Zagoth Triome
4 Emergent Ultimatum
1 Kiora Bests the Sea God
1 Vorinclex, Monstrous Raider
3 Valki, God of Lies
4 Heartless Act
4 Cultivate
4 Binding the Old Gods
2 Polukranos, Unchained
4 Wolfwillow Haven
4 Alrund's Epiphany
4 Clearwater Pathway
4 Barkchannel Pathway
4 Darkbore Pathway
4 Jwari Disruption
3 Cragcrown Pathway
2 Forest
4 Swamp
2 Island
4 Elspeth's Nightmare

Sideboard
1 Yorion, Sky Nomad
3 Mystical Dispute
3 Duress
3 Behold the Multiverse
3 Saw It Coming
2 Negate"
29,Achim Noffke,Temur Adventures,7/2/2000,"Companion
1 Obosh, the Preypiercer

Deck
4 Saw It Coming
4 Ketria Triome
4 Riverglide Pathway
2 Mountain
4 Bonecrusher Giant
4 Lovestruck Beast
2 Island
4 Alrund's Epiphany
4 Cragcrown Pathway
2 The Great Henge
2 Forest
4 Brazen Borrower
4 Edgewall Innkeeper
4 Goldspan Dragon
4 Barkchannel Pathway
4 Fabled Passage
4 Kazandu Mammoth

Sideboard
4 Mystical Dispute
2 Soul Sear
1 Obosh, the Preypiercer
3 Redcap Melee
2 Klothys, God of Destiny
2 Ox of Agonas
1 Broken Wings"
30,Berk Elçi,Dimir Rogues,7/2/2000,"Companion
1 Lurrus of the Dream-Den

Deck
3 Merfolk Windrobber
4 Ruin Crab
4 Soaring Thought-Thief
4 Thieves' Guild Enforcer
2 Valki, God of Lies
2 Agadeem's Awakening
2 Bloodchief's Thirst
2 Lullmage's Domination
2 Of One Mind
4 Drown in the Loch
3 Heartless Act
4 Into the Story
1 Blightstep Pathway
4 Clearwater Pathway
4 Fabled Passage
4 Island
1 Riverglide Pathway
3 Swamp
4 Temple of Deceit
2 Zagoth Triome
1 Didn't Say Please

Sideboard
1 Bloodchief's Thirst
2 Cling to Dust
2 Crippling Fear
2 Disdainful Stroke
1 Lurrus of the Dream-Den
2 Mystical Dispute
3 Skyclave Shade
2 Negate"
31,Florian Klein,Grixis Control,7/2/2000,"Companion
1 Jegantha, the Wellspring

Deck
4 Blightstep Pathway
4 Bonecrusher Giant
4 Claim the Firstborn
4 Fabled Passage
3 Immersturm Predator
2 Kroxa, Titan of Death's Hunger
2 Mountain
1 Island
4 The Akroan War
4 Riverglide Pathway
2 Valki, God of Lies
4 Village Rites
3 Swamp
4 Woe Strider
3 Mire Triton
2 Kazuul's Fury
2 Temple of Deceit
2 Thassa, Deep-Dwelling
4 Clearwater Pathway
2 Skyclave Shade

Sideboard
3 Duress
1 Skyclave Shade
2 Ox of Agonas
3 Disdainful Stroke
2 Mystical Dispute
1 Jegantha, the Wellspring
1 Roiling Vortex
2 Negate"
32,Tian Fa Mun,Four-color Control,6/3/2000,"Companion
1 Yorion, Sky Nomad

Deck
3 Yorion, Sky Nomad
4 Omen of the Sea
2 Omen of the Sun
2 Archon of Sun's Grace
4 Heartless Act
2 Golden Egg
4 Extinction Event
2 Dance of the Manse
2 Treacherous Blessing
4 Elspeth's Nightmare
4 Doom Foretold
2 Swamp
2 Plains
2 Island
4 Fabled Passage
2 The Raven's Warning
1 Forest
4 Clearwater Pathway
4 Brightclimb Pathway
3 Eliminate
4 Hengegate Pathway
4 Zagoth Triome
2 Negate
4 Binding the Old Gods
3 Indatha Triome
2 Branchloft Pathway
2 Barkchannel Pathway
2 Emeria's Call

Sideboard
1 Yorion, Sky Nomad
1 Dance of the Manse
2 Mystical Dispute
1 Archon of Sun's Grace
1 Cling to Dust
2 Glass Casket
2 Disdainful Stroke
2 Negate
1 Chainweb Aracnir
2 Miscast"
33,Tatsuaki Yajima,Mono-Red Aggro,6/3/2000,"Deck
4 Fervent Champion
2 Rimrock Knight
3 Frost Bite
4 Robber of the Rich
4 Bonecrusher Giant
4 Anax, Hardened in the Forge
3 Embercleave
4 Faceless Haven
20 Snow-Covered Mountain
2 Torbran, Thane of Red Fell
1 Shatterskull Smashing
1 Castle Embereth
2 Goldspan Dragon
3 Fireblade Charger
1 The Akroan War
2 Dragonkin Berserker

Sideboard
2 Ox of Agonas
2 Redcap Melee
1 Roiling Vortex
2 Embereth Paladin
1 Frost Bite
3 Embereth Shieldbreaker
3 Soul Sear
1 The Akroan War"
34,PTarts2win,Gruul Adventures,6/3/2000,"Deck
4 Edgewall Innkeeper
4 Mountain
8 Forest
3 Scavenging Ooze
4 Brushfire Elemental
4 Shatterskull Smashing
4 Bonecrusher Giant
4 Lovestruck Beast
4 Kazandu Mammoth
3 Questing Beast
4 Embercleave
4 Cragcrown Pathway
4 Fabled Passage
2 The Great Henge
2 The Akroan War
2 Fire Prophecy

Sideboard
2 Fire Prophecy
2 Soul Sear
3 Klothys, God of Destiny
2 The Akroan War
2 Ox of Agonas
2 Vivien, Monsters' Advocate
2 Wilt"
35,Alberto Canetti,Gruul Adventures,6/3/2000,"Deck
4 Edgewall Innkeeper
7 Forest
5 Mountain
2 Scavenging Ooze
4 Brushfire Elemental
4 Shatterskull Smashing
4 Bonecrusher Giant
4 Lovestruck Beast
4 Kazandu Mammoth
3 Questing Beast
3 Embercleave
4 Cragcrown Pathway
4 Fabled Passage
2 The Great Henge
2 Arni Brokenbrow
2 Fire Prophecy
2 The Akroan War

Sideboard
2 Wilt
3 Soul Sear
2 Ox of Agonas
2 Garruk, Unleashed
2 Phoenix of Ash
2 Redcap Melee
2 Fire Prophecy"
36,Koutarou Ishibashi,Sultai Ultimatum,6/3/2000,"Companion
1 Yorion, Sky Nomad

Deck
4 Zagoth Triome
3 Island
3 Swamp
3 Forest
2 Jwari Disruption
4 Darkbore Pathway
4 Barkchannel Pathway
4 Clearwater Pathway
4 Fabled Passage
1 Shark Typhoon
4 Omen of the Sea
4 Binding the Old Gods
2 Shadows' Verdict
4 Heartless Act
4 Cultivate
2 Alrund's Epiphany
4 Eliminate
2 Elder Gargaroth
2 Extinction Event
4 Emergent Ultimatum
1 Disdainful Stroke
2 Sea Gate Restoration
1 Kiora Bests the Sea God
1 Negate
4 Mazemind Tome
4 Wolfwillow Haven
1 Ketria Triome
1 Blightstep Pathway
1 Cragcrown Pathway

Sideboard
1 Yorion, Sky Nomad
3 Mystical Dispute
1 Negate
2 Duress
1 Crippling Fear
2 Polukranos, Unchained
2 Glimpse of Freedom
1 Shadows' Verdict
1 Valki, God of Lies
1 Koma, Cosmos Serpent"
37,Darío Fernández,Jund Sacrifice,6/3/2000,"Companion
1 Jegantha, the Wellspring

Deck
4 Blightstep Pathway
4 Bonecrusher Giant
4 Cragcrown Pathway
4 Claim the Firstborn
4 Fabled Passage
3 Immersturm Predator
2 Kroxa, Titan of Death's Hunger
2 Mountain
3 Swamp
1 Forest
3 The Akroan War
2 Temple of Malice
3 Valki, God of Lies
4 Village Rites
4 Woe Strider
4 Skyclave Shade
2 Kazuul's Fury
3 Korvold, Fae-Cursed King
4 Darkbore Pathway

Sideboard
3 Duress
2 Elspeth's Nightmare
2 Heartless Act
2 Ox of Agonas
2 Klothys, God of Destiny
1 Toski, Bearer of Secrets
1 Masked Vandal
1 Jegantha, the Wellspring
1 The Akroan War"
38,yoshiro mikami,Sultai Ultimatum,6/3/2000,"Companion
1 Yorion, Sky Nomad

Deck
4 Omen of the Sea
1 Valki, God of Lies
4 Heartless Act
3 Cultivate
4 Binding the Old Gods
1 Eliminate
4 Emergent Ultimatum
1 Erebos's Intervention
2 Alrund's Epiphany
1 Kiora Bests the Sea God
2 Extinction Event
4 Zagoth Triome
2 Ketria Triome
4 Barkchannel Pathway
4 Darkbore Pathway
4 Clearwater Pathway
2 Sea Gate Restoration
3 Forest
3 Swamp
4 Jwari Disruption
4 Fabled Passage
4 Mazemind Tome
2 Island
3 Elspeth's Nightmare
1 Omen of the Hunt
1 Shark Typhoon
2 Shadows' Verdict
2 Yorion, Sky Nomad
4 Wolfwillow Haven

Sideboard
1 Yorion, Sky Nomad
1 Polukranos, Unchained
2 Glimpse of Freedom
2 Negate
3 Agonizing Remorse
1 Eliminate
2 Koma, Cosmos Serpent
1 Shadows' Verdict
1 Elder Gargaroth
1 Disdainful Stroke"
39,Darwin Fuenzalida,Gruul Adventures,6/3/2000,"Deck
4 Bonecrusher Giant
4 Brushfire Elemental
4 Cragcrown Pathway
4 Edgewall Innkeeper
4 Embercleave
4 Fabled Passage
2 Fire Prophecy
4 Snow-Covered Mountain
2 Arni Brokenbrow
4 Kazandu Mammoth
4 Lovestruck Beast
8 Snow-Covered Forest
2 Questing Beast
2 Scavenging Ooze
4 Shatterskull Smashing
2 The Akroan War
2 The Great Henge

Sideboard
1 Scorching Dragonfire
2 Klothys, God of Destiny
1 Ox of Agonas
3 Soul Sear
2 Garruk, Unleashed
2 Vivien, Monsters' Advocate
2 Wilt
2 Frost Bite"
40,James Diamond,Temur Adventures,6/3/2000,"Companion
1 Obosh, the Preypiercer

Deck
4 Barkchannel Pathway
4 Brazen Borrower
4 Riverglide Pathway
4 Bonecrusher Giant
2 Fabled Passage
4 Edgewall Innkeeper
4 Goldspan Dragon
4 Island
3 Forest
3 Terror of the Peaks
2 Ketria Triome
3 Cultivate
4 Cragcrown Pathway
4 Genesis Ultimatum
2 The Great Henge
4 Lovestruck Beast
3 Beanstalk Giant
2 Mountain

Sideboard
3 Mystical Dispute
2 Klothys, God of Destiny
2 Chainweb Aracnir
2 Soul Sear
1 Obosh, the Preypiercer
1 Ox of Agonas
2 Koma, Cosmos Serpent
2 Miscast"
41,Francesco Saverio Caminada,Grixis Control,6/3/2000,"Companion
1 Jegantha, the Wellspring

Deck
4 Blightstep Pathway
4 Bonecrusher Giant
4 Claim the Firstborn
4 Fabled Passage
3 Immersturm Predator
2 Kroxa, Titan of Death's Hunger
2 Mountain
1 Island
4 The Akroan War
4 Riverglide Pathway
1 Miscast
4 Village Rites
3 Swamp
3 Woe Strider
3 Mire Triton
1 Kazuul's Fury
2 Temple of Deceit
2 Thassa, Deep-Dwelling
4 Clearwater Pathway
2 Heartless Act
2 Bloodchief's Thirst
1 Valki, God of Lies

Sideboard
1 Duress
2 Skyclave Shade
2 Ox of Agonas
1 Negate
2 Mystical Dispute
1 Jegantha, the Wellspring
1 Roiling Vortex
1 Kroxa, Titan of Death's Hunger
1 Disdainful Stroke
1 Soul-Guide Lantern
1 Agonizing Remorse
1 Miscast"
42,Luca Moretti,Sultai Ultimatum,6/3/2000,"Companion
1 Yorion, Sky Nomad

Deck
4 Forest
3 Swamp
3 Island
2 Negate
4 Cultivate
1 Temple of Mystery
3 Mystical Dispute
4 Fabled Passage
4 Omen of the Sea
4 Wolfwillow Haven
1 Kiora Bests the Sea God
3 Heartless Act
4 Emergent Ultimatum
4 Zagoth Triome
1 Ketria Triome
4 Clearwater Pathway
2 Sea Gate Restoration
4 Jwari Disruption
3 Shadows' Verdict
4 Barkchannel Pathway
1 Blightstep Pathway
4 Darkbore Pathway
4 Binding the Old Gods
1 Vorinclex, Monstrous Raider
2 Valki, God of Lies
2 Alrund's Epiphany
4 Behold the Multiverse

Sideboard
3 Duress
1 Negate
1 Mystical Dispute
1 Cling to Dust
2 Polukranos, Unchained
1 Heartless Act
1 Yorion, Sky Nomad
1 Eliminate
1 Mazemind Tome
1 Shadows' Verdict
1 Koma, Cosmos Serpent
1 Crippling Fear"
43,Piotr Wiktorzak,Jeskai Cycling,6/3/2000,"Companion
1 Lurrus of the Dream-Den

Deck
4 Drannith Stinger
4 Flourishing Fox
4 Drannith Healer
4 Valiant Rescuer
3 Boon of the Wish-Giver
4 Go for Blood
2 Memory Leak
3 Frostveil Ambush
4 Startling Development
4 Zenith Flare
3 Improbable Alliance
2 Brightclimb Pathway
3 Raugrin Triome
4 Needleverge Pathway
1 Blightstep Pathway
1 Clearwater Pathway
4 Hengegate Pathway
4 Riverglide Pathway
2 Shredded Sails

Sideboard
4 Irencrag Pyromancer
2 Redcap Melee
3 Disdainful Stroke
1 Lurrus of the Dream-Den
3 Mystical Dispute
2 Soul-Guide Lantern"
44,Philip Mahr,Grixis Control,6/3/2000,"Deck
3 Valki, God of Lies
1 Swamp
4 Bonecrusher Giant
4 Brazen Borrower
2 Mountain
4 Goldspan Dragon
2 Eliminate
4 Heartless Act
2 Saw It Coming
2 Behold the Multiverse
3 Shark Typhoon
4 Clearwater Pathway
4 Riverglide Pathway
4 Blightstep Pathway
4 Temple of Deceit
4 Temple of Epiphany
1 Shatterskull Smashing
4 Fae of Wishes
2 Negate
2 Island

Sideboard
1 Eliminate
1 Disdainful Stroke
3 Mystical Dispute
1 Extinction Event
1 Shadows' Verdict
1 Duress
1 Ugin, the Spirit Dragon
1 Shark Typhoon
1 Ashiok, Nightmare Muse
1 Negate
1 Soul Shatter
1 Redcap Melee
1 Shredded Sails"
45,Ruby Polanco,Rakdos Midrange,6/3/2000,"Deck
3 Scourge of the Skyclaves
3 Swamp
4 Mountain
2 Fling
2 Kazuul's Fury
3 Bonecrusher Giant
3 Kroxa, Titan of Death's Hunger
3 Woe Strider
4 Claim the Firstborn
2 The Akroan War
3 Agadeem's Awakening
4 Shatterskull Smashing
4 Blightstep Pathway
1 Castle Locthwain
4 Fabled Passage
3 Village Rites
2 Goldspan Dragon
3 Immersturm Predator
3 Magmatic Channeler
2 Heartless Act
2 Rankle, Master of Pranks

Sideboard
3 Skyclave Shade
3 Duress
2 The Akroan War
2 Shredded Sails
2 Ox of Agonas
2 Elspeth's Nightmare
1 Heartless Act"
46,Joel Enrique Arauz,Temur Adventures,6/3/2000,"Deck
4 Brazen Borrower
4 Bonecrusher Giant
4 Edgewall Innkeeper
4 Ketria Triome
4 Lovestruck Beast
3 Barkchannel Pathway
2 Kazandu Mammoth
4 Goldspan Dragon
4 Llanowar Visionary
3 The Great Henge
3 Forest
2 Mountain
3 Island
4 Riverglide Pathway
4 Cragcrown Pathway
2 Fabled Passage
2 Koma, Cosmos Serpent
4 Fire Prophecy

Sideboard
3 Negate
2 Ox of Agonas
3 Mystical Dispute
4 The Akroan War
2 Phoenix of Ash
1 Koma, Cosmos Serpent"
47,Leonardo Lima - HG Team,Esper Doom Foretold,6/3/2000,"Deck
4 Doom Foretold
2 Treacherous Blessing
4 Elspeth's Nightmare
2 Elspeth Conquers Death
4 Omen of the Sea
2 Dance of the Manse
4 Brightclimb Pathway
4 Clearwater Pathway
2 Yorion, Sky Nomad
2 Emeria's Call
2 Swamp
4 Hengegate Pathway
2 Omen of the Sun
2 Plains
3 Glass Casket
2 Island
4 Fabled Passage
4 Heartless Act
2 Gates of Istfell
3 Extinction Event
2 Negate

Sideboard
2 Disdainful Stroke
2 Mystical Dispute
3 Shark Typhoon
2 Eliminate
2 Tormod's Crypt
2 Soul Shatter
1 Extinction Event
1 Ashiok, Nightmare Muse"
48,Skub,Mono-Red Aggro,6/3/2000,"Deck
4 Anax, Hardened in the Forge
4 Bonecrusher Giant
2 Castle Embereth
4 Embercleave
4 Faceless Haven
4 Fervent Champion
4 Fireblade Charger
4 Frost Bite
1 Goldspan Dragon
1 Phoenix of Ash
3 Rimrock Knight
4 Robber of the Rich
19 Snow-Covered Mountain
2 Torbran, Thane of Red Fell

Sideboard
3 Ox of Agonas
2 Phoenix of Ash
2 Scorching Dragonfire
3 Roiling Vortex
3 The Akroan War
1 Redcap Melee
1 Fire Prophecy"
49,Yuuki Ichikawa,Naya Adventures,5/3/2000,"Deck
4 Needleverge Pathway
4 Lovestruck Beast
4 Sejiri Shelter
4 Unleash Fury
2 Plains
2 Fabled Passage
4 Bonecrusher Giant
2 Mountain
4 Kazuul's Fury
4 Showdown of the Skalds
4 Giant Killer
2 Forest
4 Goldspan Dragon
4 Edgewall Innkeeper
4 Cragcrown Pathway
4 Branchloft Pathway
4 Shepherd of the Flock

Sideboard
1 Archon of Absolution
4 Fire Prophecy
2 Ox of Agonas
2 The Akroan War
2 Embereth Shieldbreaker
2 Roiling Vortex
2 Klothys, God of Destiny"
50,Ari Lax,Gruul Adventures,5/3/2000,"Deck
4 Lovestruck Beast
4 Bonecrusher Giant
4 Edgewall Innkeeper
4 Kazandu Mammoth
4 Brushfire Elemental
2 Scavenging Ooze
2 Questing Beast
2 Arni Brokenbrow
2 The Great Henge
4 Embercleave
2 The Akroan War
4 Shatterskull Smashing
2 Fire Prophecy
4 Cragcrown Pathway
8 Snow-Covered Forest
4 Snow-Covered Mountain
4 Fabled Passage

Sideboard
3 Soul Sear
2 Wilt
2 Frost Bite
2 Garruk, Unleashed
2 Klothys, God of Destiny
2 Vivien, Monsters' Advocate
1 Ox of Agonas
1 Fire Prophecy"
51,Daniel Dalesandro,Mono-Red Aggro,5/3/2000,"Deck
4 Anax, Hardened in the Forge
4 Bonecrusher Giant
2 Castle Embereth
4 Embercleave
4 Faceless Haven
4 Fervent Champion
4 Fireblade Charger
4 Frost Bite
2 Goldspan Dragon
4 Rimrock Knight
4 Robber of the Rich
18 Snow-Covered Mountain
2 Torbran, Thane of Red Fell

Sideboard
3 Opportunistic Dragon
2 Ox of Agonas
2 Phoenix of Ash
2 Scorching Dragonfire
2 Roiling Vortex
2 The Akroan War
2 Redcap Melee"
52,oliver oguma,Jund Sacrifice,5/3/2000,"Deck
4 Bonecrusher Giant
2 Rankle, Master of Pranks
2 Korvold, Fae-Cursed King
2 Kroxa, Titan of Death's Hunger
4 Robber of the Rich
3 Valki, God of Lies
4 Woe Strider
4 Claim the Firstborn
2 Kazuul's Fury
4 Village Rites
4 The Akroan War
4 Blightstep Pathway
4 Cragcrown Pathway
4 Darkbore Pathway
4 Fabled Passage
1 Forest
2 Mountain
3 Swamp
2 Temple of Malice
1 Ox of Agonas

Sideboard
4 Roiling Vortex
2 Elspeth's Nightmare
2 Heartless Act
2 Duress
2 Klothys, God of Destiny
2 Ox of Agonas
1 Shackles of Treachery"
53,Steven Jacobsen,Naya Adventures,5/3/2000,"Deck
4 Giant Killer
2 Plains
4 Bonecrusher Giant
2 Mountain
4 Edgewall Innkeeper
4 Lovestruck Beast
4 Unleash Fury
3 Fabled Passage
4 Sejiri Shelter
4 Kazuul's Fury
4 Branchloft Pathway
4 Cragcrown Pathway
4 Needleverge Pathway
4 Goldspan Dragon
4 Showdown of the Skalds
1 Forest
4 Shepherd of the Flock

Sideboard
4 Archon of Absolution
2 Ox of Agonas
1 Phoenix of Ash
3 Fire Prophecy
3 Roiling Vortex
2 Redcap Melee"
54,Tim Schmeltz,Mono-White Aggro,5/3/2000,"Deck
3 Alseid of Life's Bounty
4 Faceless Haven
2 Giant Killer
4 Selfless Savior
2 Sentinel's Eyes
3 Speaker of the Heavens
4 Luminarch Aspirant
4 Seasoned Hallowblade
4 Maul of the Skyclaves
3 Reidane, God of the Worthy
4 Skyclave Apparition
2 Halvar, God of Battle
2 Lurrus of the Dream-Den
18 Snow-Covered Plains
1 Emeria's Call

Sideboard
2 Fight as One
2 Light of Hope
4 Drannith Magistrate
2 Glass Casket
1 Reidane, God of the Worthy
2 Giant Killer
2 Righteousness"
55,Mykhailo Yarysh,Mono-Red Aggro,5/3/2000,"Deck
4 Fervent Champion
19 Snow-Covered Mountain
4 Faceless Haven
1 Castle Embereth
3 Fireblade Charger
4 Rimrock Knight
4 Robber of the Rich
4 Anax, Hardened in the Forge
4 Bonecrusher Giant
2 Torbran, Thane of Red Fell
4 Embercleave
4 Frost Bite
2 Goldspan Dragon
1 Embereth Paladin

Sideboard
3 Ox of Agonas
2 Scorching Dragonfire
1 Shredded Sails
2 The Akroan War
2 Opportunistic Dragon
1 Cinderclasm
2 Roiling Vortex
2 Soul Sear"
56,Tyler Anderson,Izzet Tempo,5/3/2000,"Deck
2 Disdainful Stroke
4 Riverglide Pathway
2 Essence Scatter
2 Negate
4 Brazen Borrower
4 Saw It Coming
4 Behold the Multiverse
4 Shark Typhoon
3 Frost Bite
3 Volatile Fjord
4 Bonecrusher Giant
4 Goldspan Dragon
4 Fabled Passage
3 Faceless Haven
7 Snow-Covered Island
3 Snow-Covered Mountain
3 Shatterskull Smashing

Sideboard
3 Mystical Dispute
2 Storm's Wrath
2 Phoenix of Ash
3 Ox of Agonas
2 Negate
3 Scorching Dragonfire"
57,cesare cicolin,Gruul Adventures,5/3/2000,"Deck
8 Forest
4 Lovestruck Beast
2 Questing Beast
4 Embercleave
4 Edgewall Innkeeper
4 Bonecrusher Giant
1 The Great Henge
5 Mountain
4 Fabled Passage
4 Cragcrown Pathway
4 Brushfire Elemental
4 Shatterskull Smashing
4 Kazandu Mammoth
4 Goldspan Dragon
2 Scavenging Ooze
2 Snakeskin Veil

Sideboard
2 Ox of Agonas
3 Wilt
4 Scorching Dragonfire
2 Klothys, God of Destiny
3 Soul Sear
1 The Great Henge"
58,Frederick Tan,Gruul Adventures,5/3/2000,"Deck
4 Bonecrusher Giant
4 Embercleave
4 Edgewall Innkeeper
4 Lovestruck Beast
3 Questing Beast
2 The Akroan War
2 Scavenging Ooze
4 Fabled Passage
4 Shatterskull Smashing
4 Kazandu Mammoth
4 Brushfire Elemental
4 Cragcrown Pathway
2 Arni Brokenbrow
3 Goldspan Dragon
8 Forest
4 Mountain

Sideboard
2 Ox of Agonas
2 Klothys, God of Destiny
2 Fire Prophecy
2 Vivien, Monsters' Advocate
3 Soul Sear
2 Roiling Vortex
2 Masked Vandal"
59,Drew Iafrate,Mono-Red Aggro,5/3/2000,"Deck
4 Bonecrusher Giant
4 Anax, Hardened in the Forge
4 Embercleave
4 Robber of the Rich
2 Torbran, Thane of Red Fell
4 Fervent Champion
4 Rimrock Knight
18 Snow-Covered Mountain
4 Faceless Haven
2 Goldspan Dragon
4 Frost Bite
2 Castle Embereth
4 Fireblade Charger

Sideboard
2 Ox of Agonas
2 Scorching Dragonfire
2 The Akroan War
2 Soul Sear
2 Shredded Sails
4 Roiling Vortex
1 Phoenix of Ash"
60,xfile,Mono-Red Aggro,5/3/2000,"Deck
4 Anax, Hardened in the Forge
2 Arni Brokenbrow
4 Bonecrusher Giant
2 Castle Embereth
4 Embercleave
4 Faceless Haven
4 Fervent Champion
4 Fireblade Charger
4 Frost Bite
4 Rimrock Knight
4 Robber of the Rich
18 Snow-Covered Mountain
2 Torbran, Thane of Red Fell

Sideboard
4 Claim the Firstborn
3 Phoenix of Ash
4 Roiling Vortex
4 The Akroan War"
61,Ivan Von Loh,Izzet Tempo,5/3/2000,"Deck
4 Bonecrusher Giant
4 Brazen Borrower
4 Snow-Covered Mountain
4 Shark Typhoon
4 Frost Bite
4 Goldspan Dragon
3 Riverglide Pathway
3 Fabled Passage
4 Saw It Coming
2 Behold the Multiverse
2 Disdainful Stroke
2 Negate
3 Shatterskull Smashing
2 Essence Scatter
4 Volatile Fjord
7 Snow-Covered Island
2 Faceless Haven
2 Teferi, Master of Time

Sideboard
2 Mystical Dispute
2 Shredded Sails
1 Disdainful Stroke
2 Scorching Dragonfire
1 Soul-Guide Lantern
1 Glimpse of Freedom
3 Ox of Agonas
3 Blazing Volley"
62,Jhon Loor Andrade,Gruul Adventures,5/3/2000,"Deck
2 Questing Beast
2 Scavenging Ooze
4 Lovestruck Beast
4 Brushfire Elemental
4 Edgewall Innkeeper
4 Goldspan Dragon
4 Kazandu Mammoth
4 Bonecrusher Giant
1 The Great Henge
4 Embercleave
4 Shatterskull Smashing
4 Cragcrown Pathway
4 Fabled Passage
5 Mountain
8 Forest
2 Fire Prophecy

Sideboard
1 Garruk, Unleashed
2 Soul Sear
2 Klothys, God of Destiny
2 Ox of Agonas
2 Wilt
2 Fire Prophecy
2 The Akroan War
1 Phoenix of Ash
1 The Great Henge"
63,Arthur Carson,Four-color Combo,5/3/2000,"Deck
4 Stonecoil Serpent
3 Kiora Bests the Sea God
3 Dream Trawler
4 Temple of Abandon
4 Emergent Ultimatum
4 Genesis Ultimatum
1 Raugrin Triome
4 Ugin, the Spirit Dragon
4 Tormod's Crypt
1 Temple of Epiphany
3 Clearwater Pathway
4 Cragcrown Pathway
1 Needleverge Pathway
4 Riverglide Pathway
1 Alrund's Epiphany
1 Valki, God of Lies
4 Tibalt's Trickery
2 Esika, God of the Tree
1 Vorinclex, Monstrous Raider
2 Koma, Cosmos Serpent
3 Blightstep Pathway
3 The World Tree

Sideboard
4 Cultivate
1 Migration Path
1 Snow-Covered Swamp
2 Snow-Covered Island
2 Annul
4 Ilysian Caryatid
1 Snow-Covered Plains"
64,MASAHIDE MORIYAMA,Gruul Adventures,5/3/2000,"Deck
4 Bonecrusher Giant
4 Brushfire Elemental
4 Cragcrown Pathway
4 Edgewall Innkeeper
3 Embercleave
4 Fabled Passage
2 Scavenging Ooze
4 Goldspan Dragon
4 Kazandu Mammoth
4 Lovestruck Beast
4 Forest
3 Questing Beast
4 Needleverge Pathway
4 Shatterskull Smashing
1 The Great Henge
3 Branchloft Pathway
2 Mountain
1 Plains
1 The Akroan War

Sideboard
2 Klothys, God of Destiny
2 Ox of Agonas
2 Scorching Dragonfire
3 Archon of Absolution
3 Drannith Magistrate
2 Redcap Melee
1 The Akroan War"
65,Franche Tan,Sultai Ultimatum,5/3/2000,"Companion
1 Yorion, Sky Nomad

Deck
4 Zagoth Triome
2 Island
4 Swamp
4 Forest
2 Jwari Disruption
4 Darkbore Pathway
4 Barkchannel Pathway
4 Clearwater Pathway
4 Fabled Passage
2 Ketria Triome
4 Omen of the Sea
4 Binding the Old Gods
2 Shadows' Verdict
4 Heartless Act
4 Cultivate
2 Alrund's Epiphany
4 Eliminate
2 Valki, God of Lies
2 Extinction Event
4 Emergent Ultimatum
1 Vorinclex, Monstrous Raider
2 Sea Gate Restoration
1 Kiora Bests the Sea God
2 Negate
4 Mazemind Tome
4 Wolfwillow Haven

Sideboard
1 Yorion, Sky Nomad
1 Glimpse of Freedom
2 Negate
1 Koma, Cosmos Serpent
2 Elder Gargaroth
4 Mystical Dispute
2 Crippling Fear
1 Cling to Dust
1 Shadows' Verdict"
66,krinring,Mono-Red Aggro,5/3/2000,"Deck
18 Snow-Covered Mountain
3 Frost Bite
4 Fervent Champion
4 Fireblade Charger
4 Rimrock Knight
4 Robber of the Rich
4 Bonecrusher Giant
4 Anax, Hardened in the Forge
2 Torbran, Thane of Red Fell
2 Goldspan Dragon
4 Embercleave
4 Faceless Haven
2 Castle Embereth
1 The Akroan War

Sideboard
2 Redcap Melee
2 Phoenix of Ash
2 Fire Prophecy
1 Shredded Sails
1 The Akroan War
1 Ox of Agonas
1 Opportunistic Dragon
2 Soul Sear
2 Embereth Paladin
1 Mythos of Vadrok"
67,Leon Milton,Sultai Ultimatum,5/3/2000,"Companion
1 Yorion, Sky Nomad

Deck
4 Omen of the Sea
2 Valki, God of Lies
2 Brazen Borrower
4 Heartless Act
1 Elspeth's Nightmare
3 Cultivate
2 Binding the Old Gods
4 Shadows' Verdict
4 Emergent Ultimatum
1 Vorinclex, Monstrous Raider
1 Alrund's Epiphany
1 Kiora Bests the Sea God
2 Extinction Event
4 Zagoth Triome
1 Ketria Triome
4 Barkchannel Pathway
4 Darkbore Pathway
4 Clearwater Pathway
2 Sea Gate Restoration
4 Swamp
4 Forest
2 Island
4 Jwari Disruption
1 Shark Typhoon
2 Fabled Passage
2 Elder Gargaroth
4 Wolfwillow Haven
1 Migration Path
2 Lithoform Blight
2 Mazemind Tome
2 Fae of Wishes

Sideboard
1 Yorion, Sky Nomad
2 Mystical Dispute
1 Koma, Cosmos Serpent
1 Cling to Dust
1 Necromentia
1 Midnight Clock
3 Shark Typhoon
2 Negate
2 Pestilent Haze
1 Elder Gargaroth"
68,Omar B,Naya Adventures,5/3/2000,"Deck
3 Seasoned Hallowblade
3 Shepherd of the Flock
4 Bonecrusher Giant
4 Edgewall Innkeeper
4 Lovestruck Beast
4 Unleash Fury
4 Fabled Passage
3 Sejiri Shelter
4 Kazuul's Fury
4 Branchloft Pathway
4 Cragcrown Pathway
4 Needleverge Pathway
4 Goldspan Dragon
4 Showdown of the Skalds
2 Plains
1 Forest
2 Mountain
2 Giant Killer

Sideboard
2 Archon of Absolution
3 The Akroan War
2 Reidane, God of the Worthy
2 Phoenix of Ash
2 Giant Killer
3 Fire Prophecy
1 Ox of Agonas"
69,Santi Delgado,Four-color Cycling,5/3/2000,"Companion
1 Lurrus of the Dream-Den

Deck
4 Drannith Stinger
4 Flourishing Fox
4 Drannith Healer
4 Valiant Rescuer
3 Boon of the Wish-Giver
4 Go for Blood
3 Memory Leak
3 Frostveil Ambush
4 Startling Development
4 Zenith Flare
4 Improbable Alliance
2 Brightclimb Pathway
3 Raugrin Triome
4 Needleverge Pathway
1 Blightstep Pathway
1 Clearwater Pathway
4 Hengegate Pathway
4 Riverglide Pathway

Sideboard
2 Shatter the Sky
2 Roiling Vortex
2 Redcap Melee
2 Shredded Sails
1 Lurrus of the Dream-Den
2 Negate
2 Mystical Dispute
2 Glass Casket"
70,Misplacedginger,Gruul Adventures,5/3/2000,"Deck
4 Edgewall Innkeeper
4 Mountain
8 Forest
2 Scavenging Ooze
4 Brushfire Elemental
4 Shatterskull Smashing
4 Bonecrusher Giant
4 Lovestruck Beast
4 Kazandu Mammoth
2 Questing Beast
4 Embercleave
4 Cragcrown Pathway
4 Fabled Passage
2 The Great Henge
2 The Akroan War
2 Arni Brokenbrow
2 Fire Prophecy

Sideboard
2 Wilt
3 Soul Sear
2 Ox of Agonas
2 Fire Prophecy
2 Klothys, God of Destiny
2 Vivien, Monsters' Advocate
2 Garruk, Unleashed"
71,Etherion,Mono-Red Aggro,5/3/2000,"Deck
2 Phoenix of Ash
2 Faceless Haven
2 Embercleave
2 Opportunistic Dragon
4 Anax, Hardened in the Forge
4 Bonecrusher Giant
4 Robber of the Rich
2 Spikefield Hazard
4 Frost Bite
4 Fervent Champion
4 Akoum Hellhound
2 Castle Embereth
1 Fabled Passage
4 Dragonkin Berserker
15 Snow-Covered Mountain
2 Goldspan Dragon
2 Torbran, Thane of Red Fell

Sideboard
2 Ox of Agonas
2 The Akroan War
2 Scorching Dragonfire
3 Roiling Vortex
2 Phoenix of Ash
2 Soul Sear
2 Opportunistic Dragon"
72,Brandon Downs,Gruul Adventures,5/2/2000,"Deck
4 Bonecrusher Giant
4 Brushfire Elemental
4 Cragcrown Pathway
4 Edgewall Innkeeper
4 Embercleave
4 Mountain
4 Fabled Passage
4 Kazandu Mammoth
4 Lovestruck Beast
2 Questing Beast
2 Scavenging Ooze
4 Shatterskull Smashing
4 Goldspan Dragon
2 The Great Henge
8 Forest
1 Snakeskin Veil
1 Fire Prophecy

Sideboard
2 Scorching Dragonfire
2 Klothys, God of Destiny
2 Ox of Agonas
3 Soul Sear
1 Garruk, Unleashed
2 Vivien, Monsters' Advocate
2 Wilt
1 Embereth Shieldbreaker"
73,Michael Ingram,Mono-Red Aggro,4/3/2000,"Deck
4 Fervent Champion
19 Snow-Covered Mountain
3 Fireblade Charger
3 Frost Bite
4 Robber of the Rich
2 Rimrock Knight
3 Anax, Hardened in the Forge
4 Bonecrusher Giant
2 Torbran, Thane of Red Fell
3 Goldspan Dragon
3 Embercleave
1 Shatterskull Smashing
4 Faceless Haven
1 Castle Embereth
2 Dragonkin Berserker
1 Phoenix of Ash
1 The Akroan War

Sideboard
1 The Akroan War
3 Ox of Agonas
1 Phoenix of Ash
2 Soul Sear
2 Opportunistic Dragon
2 Redcap Melee
2 Roiling Vortex
2 Scorching Dragonfire"
74,Kasey Jarvis,Gruul Adventures,4/3/2000,"Deck
4 Lovestruck Beast
4 Fabled Passage
4 Bonecrusher Giant
4 Cragcrown Pathway
4 Edgewall Innkeeper
4 Kazandu Mammoth
4 Brushfire Elemental
2 Scavenging Ooze
2 Questing Beast
2 Arni Brokenbrow
2 The Great Henge
4 Embercleave
2 The Akroan War
4 Shatterskull Smashing
2 Fire Prophecy
8 Snow-Covered Forest
4 Snow-Covered Mountain

Sideboard
3 Soul Sear
2 Wilt
2 Frost Bite
2 Garruk, Unleashed
2 Klothys, God of Destiny
2 Vivien, Monsters' Advocate
1 Ox of Agonas
1 Fire Prophecy"
75,Maxime Mathy,Gruul Adventures,4/3/2000,"Deck
4 Bonecrusher Giant
4 Brushfire Elemental
4 Cragcrown Pathway
4 Edgewall Innkeeper
4 Embercleave
4 Fabled Passage
4 Goldspan Dragon
4 Kazandu Mammoth
4 Lovestruck Beast
7 Forest
2 Questing Beast
2 Scavenging Ooze
4 Shatterskull Smashing
2 Snakeskin Veil
2 Arni Brokenbrow
5 Mountain

Sideboard
2 Ox of Agonas
4 Scorching Dragonfire
2 Soul Sear
2 The Akroan War
3 Wilt
2 The Great Henge"
76,Robert McKee,Mono-Red Aggro,4/3/2000,"Deck
18 Snow-Covered Mountain
4 Frost Bite
4 Fervent Champion
4 Fireblade Charger
4 Rimrock Knight
4 Robber of the Rich
4 Bonecrusher Giant
4 Anax, Hardened in the Forge
2 Torbran, Thane of Red Fell
2 Goldspan Dragon
4 Embercleave
4 Faceless Haven
2 Castle Embereth

Sideboard
4 Redcap Melee
4 Phoenix of Ash
3 Scorching Dragonfire
4 Claim the Firstborn"
77,Rapsolo,Mono-White Aggro,4/3/2000,"Deck
4 Alseid of Life's Bounty
2 Giant Killer
3 Halvar, God of Battle
4 Luminarch Aspirant
4 Seasoned Hallowblade
4 Selfless Savior
4 Skyclave Apparition
3 Usher of the Fallen
4 Maul of the Skyclaves
4 Faceless Haven
18 Snow-Covered Plains
2 Reidane, God of the Worthy
2 Sentinel's Eyes
1 Castle Ardenvale
1 Kabira Takedown

Sideboard
2 Drannith Magistrate
2 Soul-Guide Lantern
4 Glass Casket
1 Reidane, God of the Worthy
1 Giant Killer
3 Archon of Absolution
2 Disenchant"
78,Vonschuggle,Mono-Red Aggro,4/3/2000,"Deck
4 Anax, Hardened in the Forge
4 Bonecrusher Giant
2 Castle Embereth
4 Embercleave
4 Faceless Haven
4 Fervent Champion
4 Fireblade Charger
4 Frost Bite
2 Goldspan Dragon
4 Rimrock Knight
4 Robber of the Rich
18 Snow-Covered Mountain
2 Torbran, Thane of Red Fell

Sideboard
3 Ox of Agonas
2 Phoenix of Ash
2 Scorching Dragonfire
2 Roiling Vortex
2 The Akroan War
2 Redcap Melee
2 Soul Sear"
79,Francesco Recchiuti,Rakdos Sacrifice,4/3/2000,"Deck
1 Castle Locthwain
4 Skyclave Shade
4 Claim the Firstborn
3 Rankle, Master of Pranks
4 Goldspan Dragon
2 Valki, God of Lies
4 Bonecrusher Giant
4 Woe Strider
3 Village Rites
2 The Akroan War
3 Shatterskull Smashing
4 Fabled Passage
4 Blightstep Pathway
4 Temple of Malice
5 Swamp
4 Mountain
2 Heartless Act
1 Agadeem's Awakening
2 Robber of the Rich

Sideboard
2 The Akroan War
4 Duress
3 Ox of Agonas
1 Heartless Act
1 Shredded Sails
2 Roiling Vortex
2 Bloodchief's Thirst"
80,Thierry Ramboa,Sultai Ultimatum,4/3/2000,"Companion
1 Yorion, Sky Nomad

Deck
4 Omen of the Sea
2 Valki, God of Lies
1 Negate
4 Heartless Act
2 Elspeth's Nightmare
4 Cultivate
4 Binding the Old Gods
3 Shadows' Verdict
4 Emergent Ultimatum
2 Alrund's Epiphany
1 Kiora Bests the Sea God
1 Disdainful Stroke
4 Zagoth Triome
2 Ketria Triome
4 Barkchannel Pathway
4 Darkbore Pathway
4 Clearwater Pathway
3 Sea Gate Restoration
4 Wolfwillow Haven
4 Forest
2 Island
1 Jwari Disruption
4 Fabled Passage
4 Mazemind Tome
4 Swamp
2 Eliminate
1 Extinction Event
1 Soul Shatter

Sideboard
1 Yorion, Sky Nomad
3 Negate
2 Cling to Dust
2 Duress
3 Shark Typhoon
4 Elder Gargaroth"
81,Joseph DeJoy,Sultai Ultimatum,4/3/2000,"Companion
1 Yorion, Sky Nomad

Deck
4 Wolfwillow Haven
4 Emergent Ultimatum
4 Cultivate
4 Shadows' Verdict
2 Negate
1 Extinction Event
2 Jwari Disruption
4 Heartless Act
2 Eliminate
1 Vorinclex, Monstrous Raider
2 Valki, God of Lies
4 Binding the Old Gods
2 Alrund's Epiphany
1 Kiora Bests the Sea God
4 Omen of the Sea
2 Sea Gate Restoration
2 Elspeth's Nightmare
3 Mazemind Tome
2 Ketria Triome
4 Zagoth Triome
4 Fabled Passage
4 Clearwater Pathway
4 Barkchannel Pathway
4 Darkbore Pathway
2 Island
4 Swamp
4 Forest

Sideboard
1 Yorion, Sky Nomad
4 Duress
2 Negate
2 Mystical Dispute
1 Polukranos, Unchained
1 Cling to Dust
1 Glimpse of Freedom
1 Crippling Fear
2 Elder Gargaroth"
82,Matteo Bruschi,Four-color Control,4/3/2000,"Companion
1 Yorion, Sky Nomad

Deck
3 Yorion, Sky Nomad
4 Omen of the Sea
2 Omen of the Sun
2 Archon of Sun's Grace
4 Heartless Act
2 Golden Egg
4 Extinction Event
2 Dance of the Manse
2 Treacherous Blessing
4 Elspeth's Nightmare
4 Doom Foretold
2 Swamp
2 Plains
2 Island
4 Fabled Passage
2 The Raven's Warning
1 Forest
4 Clearwater Pathway
4 Brightclimb Pathway
3 Eliminate
4 Hengegate Pathway
4 Zagoth Triome
2 Negate
4 Binding the Old Gods
3 Indatha Triome
2 Branchloft Pathway
2 Barkchannel Pathway
2 Emeria's Call

Sideboard
1 Yorion, Sky Nomad
1 Dance of the Manse
2 Mystical Dispute
1 Archon of Sun's Grace
2 Cling to Dust
1 Glass Casket
2 Disdainful Stroke
2 Negate
1 Miscast
1 Annul
1 Pestilent Haze"
83,John Boyd,Mono-Green Aggro,4/3/2000,"Deck
3 Swarm Shambler
21 Snow-Covered Forest
2 Scavenging Ooze
4 Old-Growth Troll
4 Stonecoil Serpent
3 Gemrazer
3 Questing Beast
2 Vivien, Monsters' Advocate
2 Vorinclex, Monstrous Raider
2 The Great Henge
4 Blizzard Brawl
4 Lovestruck Beast
4 Castle Garenbrig
2 Wildborn Preserver

Sideboard
2 Chainweb Aracnir
2 Snakeskin Veil
3 Garruk's Harbinger
1 The Great Henge
1 Scavenging Ooze
2 Wilt
2 Elder Gargaroth
2 Toski, Bearer of Secrets"
84,Max Dore,Rakdos Sacrifice,4/3/2000,"Deck
4 Blightstep Pathway
3 Bonecrusher Giant
2 Castle Locthwain
4 Claim the Firstborn
1 Egon, God of Death
4 Fabled Passage
2 Heartless Act
3 Kroxa, Titan of Death's Hunger
4 Mountain
1 Ox of Agonas
3 Rankle, Master of Pranks
2 Savai Triome
4 Shatterskull Smashing
1 Shredded Sails
6 Swamp
3 The Akroan War
4 Village Rites
4 Woe Strider
2 Valki, God of Lies
2 Tymaret Calls the Dead
1 Bloodchief's Thirst

Sideboard
2 Agonizing Remorse
1 Embereth Shieldbreaker
2 Duress
2 Eat to Extinction
2 Liliana, Waker of the Dead
1 Ox of Agonas
4 Robber of the Rich
1 Shredded Sails"
85,Kyle Lewis,Gruul Adventures,4/3/2000,"Deck
4 Bonecrusher Giant
8 Forest
4 Edgewall Innkeeper
5 Mountain
4 Lovestruck Beast
4 Brushfire Elemental
4 Kazandu Mammoth
2 Questing Beast
2 Scavenging Ooze
4 Embercleave
1 The Great Henge
4 Shatterskull Smashing
4 Goldspan Dragon
4 Fabled Passage
4 Cragcrown Pathway
2 Snakeskin Veil

Sideboard
3 Soul Sear
3 Wilt
4 Scorching Dragonfire
2 Ox of Agonas
2 Klothys, God of Destiny
1 The Great Henge"
86,Francisco Sanchez,Naya Adventures,4/3/2000,"Deck
4 Needleverge Pathway
4 Lovestruck Beast
4 Sejiri Shelter
4 Unleash Fury
2 Plains
2 Fabled Passage
4 Bonecrusher Giant
2 Mountain
4 Kazuul's Fury
4 Showdown of the Skalds
4 Giant Killer
2 Forest
4 Goldspan Dragon
4 Edgewall Innkeeper
4 Cragcrown Pathway
4 Branchloft Pathway
4 Shepherd of the Flock

Sideboard
4 Archon of Absolution
3 Fire Prophecy
2 The Akroan War
2 Embereth Shieldbreaker
2 Ox of Agonas
2 Redcap Melee"
87,Admassu Williams,Naya Adventures,4/3/2000,"Deck
4 Giant Killer
4 Shepherd of the Flock
4 Bonecrusher Giant
4 Edgewall Innkeeper
4 Lovestruck Beast
4 Unleash Fury
3 Fabled Passage
4 Sejiri Shelter
4 Kazuul's Fury
4 Branchloft Pathway
4 Cragcrown Pathway
4 Needleverge Pathway
4 Goldspan Dragon
4 Showdown of the Skalds
2 Forest
2 Mountain
1 Plains

Sideboard
3 Archon of Absolution
2 Phoenix of Ash
3 Fire Prophecy
2 Roiling Vortex
1 The Akroan War
3 Redcap Melee
1 Ox of Agonas"
88,Maxence Pougnard,Esper Doom Foretold,4/3/2000,"Companion
1 Yorion, Sky Nomad

Deck
3 Archon of Sun's Grace
3 Emeria's Call
4 Extinction Event
2 Dance of the Manse
3 Negate
3 Heartless Act
4 Eliminate
4 Elspeth Conquers Death
4 Doom Foretold
3 Elspeth's Nightmare
2 Omen of the Sun
2 The Raven's Warning
2 Treacherous Blessing
4 Omen of the Sea
4 Fabled Passage
4 Hengegate Pathway
4 Brightclimb Pathway
4 Swamp
4 Clearwater Pathway
2 Temple of Silence
4 Plains
4 Island
2 Temple of Deceit
2 Shadows' Verdict
3 Yorion, Sky Nomad

Sideboard
3 Glass Casket
2 Cling to Dust
3 Mystical Dispute
3 Shark Typhoon
1 Dance of the Manse
1 Yorion, Sky Nomad
2 Disdainful Stroke"
89,changsu kou,Naya Adventures,4/3/2000,"Deck
4 Giant Killer
2 Mountain
4 Sejiri Shelter
4 Shepherd of the Flock
4 Unleash Fury
2 Plains
4 Kazuul's Fury
4 Bonecrusher Giant
4 Goldspan Dragon
4 Edgewall Innkeeper
2 Forest
4 Lovestruck Beast
4 Needleverge Pathway
4 Showdown of the Skalds
4 Branchloft Pathway
4 Cragcrown Pathway
2 Fabled Passage

Sideboard
2 Embereth Shieldbreaker
4 Fire Prophecy
2 The Akroan War
3 Ox of Agonas
4 Archon of Absolution"
90,Michael Shank,Mono-White Aggro,4/3/2000,"Deck
4 Alseid of Life's Bounty
2 Giant Killer
3 Halvar, God of Battle
4 Luminarch Aspirant
4 Seasoned Hallowblade
4 Selfless Savior
4 Skyclave Apparition
4 Usher of the Fallen
3 Maul of the Skyclaves
4 Faceless Haven
19 Snow-Covered Plains
2 Reidane, God of the Worthy
2 Sentinel's Eyes
1 Legion Angel

Sideboard
2 Drannith Magistrate
3 Legion Angel
1 Shadowspear
3 Glass Casket
1 Reidane, God of the Worthy
1 Giant Killer
1 Basri Ket
1 Heliod's Intervention
1 Lurrus of the Dream-Den
1 Baneslayer Angel"
91,Guilherme Telles,Sultai Ultimatum,4/3/2000,"Companion
1 Yorion, Sky Nomad

Deck
3 Eliminate
4 Swamp
3 Heartless Act
2 Valki, God of Lies
2 Negate
3 Shadows' Verdict
4 Forest
4 Binding the Old Gods
1 Disdainful Stroke
2 Jwari Disruption
2 Island
4 Omen of the Sea
2 Shark Typhoon
1 Kiora Bests the Sea God
2 Sea Gate Restoration
2 Alrund's Epiphany
4 Cultivate
4 Emergent Ultimatum
4 Fabled Passage
4 Clearwater Pathway
4 Darkbore Pathway
2 Ketria Triome
4 Barkchannel Pathway
4 Zagoth Triome
1 Extinction Event
3 Mazemind Tome
4 Wolfwillow Haven
1 Vorinclex, Monstrous Raider

Sideboard
1 Cling to Dust
1 Koma, Cosmos Serpent
2 Negate
1 Yorion, Sky Nomad
3 Mystical Dispute
3 Duress
1 Erebos's Intervention
2 Elder Gargaroth
1 Glimpse of Freedom"
92,Michael Stigall,Sultai Ultimatum,4/3/2000,"Companion
1 Yorion, Sky Nomad

Deck
4 Forest
3 Swamp
3 Island
2 Negate
4 Cultivate
1 Temple of Mystery
3 Mystical Dispute
4 Fabled Passage
4 Omen of the Sea
4 Wolfwillow Haven
1 Kiora Bests the Sea God
3 Heartless Act
4 Emergent Ultimatum
4 Zagoth Triome
1 Ketria Triome
4 Clearwater Pathway
2 Sea Gate Restoration
4 Jwari Disruption
3 Shadows' Verdict
4 Barkchannel Pathway
1 Blightstep Pathway
4 Darkbore Pathway
4 Binding the Old Gods
1 Vorinclex, Monstrous Raider
2 Valki, God of Lies
2 Alrund's Epiphany
4 Behold the Multiverse

Sideboard
3 Duress
1 Negate
1 Mystical Dispute
1 Cling to Dust
2 Polukranos, Unchained
1 Heartless Act
1 Yorion, Sky Nomad
1 Eliminate
1 Mazemind Tome
1 Shadows' Verdict
1 Koma, Cosmos Serpent
1 Crippling Fear"
93,Tina Morgan,Rakdos Sacrifice,4/3/2000,"Deck
2 Kroxa, Titan of Death's Hunger
3 Claim the Firstborn
4 Bonecrusher Giant
4 Village Rites
4 Mire Triton
4 Fabled Passage
4 Blightstep Pathway
4 Savai Triome
2 Ox of Agonas
4 Woe Strider
5 Swamp
2 Liliana, Waker of the Dead
4 Shatterskull Smashing
3 Heartless Act
3 Mountain
3 Rankle, Master of Pranks
2 Castle Locthwain
3 The Akroan War

Sideboard
2 Soul Shatter
2 Shredded Sails
4 Duress
1 Kroxa, Titan of Death's Hunger
1 The Akroan War
4 Robber of the Rich
1 Valki, God of Lies"
94,Diogo Travassos,Dimir Rogues,4/3/2000,"Companion
1 Lurrus of the Dream-Den

Deck
3 Agadeem's Awakening
2 Bloodchief's Thirst
4 Clearwater Pathway
1 Didn't Say Please
4 Drown in the Loch
1 Essence Scatter
4 Fabled Passage
2 Heartless Act
4 Into the Story
5 Island
1 Lullmage's Domination
4 Merfolk Windrobber
3 Of One Mind
4 Ruin Crab
4 Soaring Thought-Thief
3 Swamp
4 Temple of Deceit
4 Thieves' Guild Enforcer
2 Zagoth Triome
1 Crippling Fear

Sideboard
2 Bloodchief's Thirst
2 Dead Weight
1 Lurrus of the Dream-Den
2 Mystical Dispute
3 Negate
3 Skyclave Shade
1 Crippling Fear
1 Lullmage's Domination"
95,Steffen Stadler,Gruul Adventures,4/3/2000,"Deck
4 Edgewall Innkeeper
2 Embereth Shieldbreaker
1 Fire Prophecy
2 Scavenging Ooze
4 Brushfire Elemental
4 Bonecrusher Giant
4 Kazandu Mammoth
4 Lovestruck Beast
2 The Akroan War
3 Questing Beast
1 Vivien, Monsters' Advocate
3 Embercleave
2 The Great Henge
2 Shatterskull Smashing
2 Mountain
4 Forest
4 Riverglide Pathway
4 Cragcrown Pathway
4 Barkchannel Pathway
4 Fabled Passage

Sideboard
3 Disdainful Stroke
3 Fire Prophecy
2 Wilt
2 Soul Sear
1 The Akroan War
2 Ox of Agonas
1 Vivien, Monsters' Advocate
1 Storm's Wrath"
96,Naonari Hoshide,Four-color Midrange,4/3/2000,"Deck
1 Vivien, Monsters' Advocate
4 Fabled Passage
2 Mountain
2 Swamp
3 Agonizing Remorse
3 Terror of the Peaks
2 Forest
4 Blightstep Pathway
1 Kroxa, Titan of Death's Hunger
2 Atris, Oracle of Half-Truths
1 Skyclave Shade
3 Heartless Act
1 Temple of Abandon
2 Binding the Old Gods
1 Burning-Rune Demon
3 Esika's Chariot
4 Zagoth Triome
3 Ketria Triome
3 Eliminate
1 Bloodchief's Thirst
2 The Royal Scions
1 Island
3 Bonecrusher Giant
1 Negate
1 Disdainful Stroke
1 Valki, God of Lies
2 Dead Weight
3 Temple of Malice

Sideboard
1 Wilt
1 Mystical Dispute
1 Run Afoul
1 Battle of Frost and Fire
1 Skyclave Shade
1 Klothys, God of Destiny
1 Binding the Old Gods
2 Duress
1 Disdainful Stroke
1 Vivien, Monsters' Advocate
1 Kroxa, Titan of Death's Hunger
1 Burning-Rune Demon
1 Bloodchief's Thirst
1 Dead Weight"
97,Shoma Kanai,Sultai Ultimatum,4/3/2000,"Companion
1 Yorion, Sky Nomad

Deck
2 Valki, God of Lies
1 Vorinclex, Monstrous Raider
2 Alrund's Epiphany
4 Cultivate
4 Emergent Ultimatum
2 Sea Gate Restoration
2 Shadows' Verdict
3 Behold the Multiverse
3 Heartless Act
4 Jwari Disruption
2 Mystical Dispute
2 Negate
4 Binding the Old Gods
1 Kiora Bests the Sea God
4 Omen of the Sea
4 Wolfwillow Haven
4 Barkchannel Pathway
4 Clearwater Pathway
4 Darkbore Pathway
2 Elspeth's Nightmare
4 Fabled Passage
4 Forest
2 Island
1 Ketria Triome
1 Mountain
4 Swamp
1 Temple of Mystery
4 Zagoth Triome
1 Soul Shatter

Sideboard
1 Negate
2 Shadows' Verdict
1 Soul Shatter
2 Cling to Dust
3 Duress
1 Koma, Cosmos Serpent
1 Erebos's Intervention
1 Toski, Bearer of Secrets
1 Yorion, Sky Nomad
2 Extinction Event"
98,Alessandro Ventura,Sultai Ultimatum,4/3/2000,"Companion
1 Yorion, Sky Nomad

Deck
4 Omen of the Sea
1 Valki, God of Lies
4 Heartless Act
3 Cultivate
4 Binding the Old Gods
1 Eliminate
4 Emergent Ultimatum
1 Erebos's Intervention
2 Alrund's Epiphany
1 Kiora Bests the Sea God
2 Extinction Event
4 Zagoth Triome
2 Ketria Triome
4 Barkchannel Pathway
4 Darkbore Pathway
4 Clearwater Pathway
2 Sea Gate Restoration
3 Forest
4 Jwari Disruption
4 Fabled Passage
4 Mazemind Tome
3 Swamp
3 Elspeth's Nightmare
1 Omen of the Hunt
1 Shark Typhoon
2 Shadows' Verdict
2 Yorion, Sky Nomad
4 Wolfwillow Haven
2 Island

Sideboard
1 Yorion, Sky Nomad
1 Polukranos, Unchained
2 Glimpse of Freedom
3 Negate
3 Agonizing Remorse
1 Eliminate
2 Koma, Cosmos Serpent
1 Shadows' Verdict
1 Elder Gargaroth"
99,Joris Voorn,Dimir Control,4/3/2000,"Companion
1 Yorion, Sky Nomad

Deck
4 Behold the Multiverse
2 Bloodchief's Thirst
4 Clearwater Pathway
2 Eliminate
4 Elspeth's Nightmare
2 Essence Scatter
4 Extinction Event
4 Fabled Passage
3 Hagra Mauling
4 Heartless Act
4 Jwari Disruption
1 Lochmere Serpent
3 Mazemind Tome
2 Midnight Clock
2 Negate
3 Neutralize
3 Saw It Coming
1 Sea Gate Restoration
4 Shark Typhoon
3 Blightstep Pathway
3 Riverglide Pathway
2 Temple of Deceit
2 Ugin, the Spirit Dragon
2 Valki, God of Lies
1 Yorion, Sky Nomad
5 Swamp
6 Island

Sideboard
2 Cling to Dust
2 Disdainful Stroke
3 Duress
3 Mystical Dispute
2 Shadows' Verdict
2 Crippling Fear
1 Yorion, Sky Nomad"
100,Jimmyto Lara,Temur Adventures,4/3/2000,"Deck
4 Forest
1 Mountain
2 Embereth Shieldbreaker
4 Lovestruck Beast
2 Questing Beast
3 Embercleave
4 Edgewall Innkeeper
4 Bonecrusher Giant
4 Fabled Passage
2 Fire Prophecy
4 Cragcrown Pathway
4 Riverglide Pathway
4 Brushfire Elemental
2 Tangled Florahedron
4 Shatterskull Smashing
4 Kazandu Mammoth
4 Barkchannel Pathway
4 Goldspan Dragon

Sideboard
1 Island
3 Disdainful Stroke
2 The Akroan War
2 Ox of Agonas
2 Shredded Sails
1 Fire Prophecy
2 Elder Gargaroth
2 Miscast"